CatalogStId,SidStarID,Number,RouteL,ProcedureType,StdDevDist,MeanDist,StdDevDistm1,MeanDistm1,MeanAzChangem1,StdAzChangem1,StdDevDistToLast,MeanDistToLast,LastAnglChange
2167,1160,6,4,trombone,2.07403130321125,15.5322336009143,2.90966487069724,15.3810923680499,40.7630547522507,0,13.3255326209151,30.1940773139553,23.5699510930219
2167,1161,4,5,trombone,6.75585956630938,18.8023215679482,7.91141862903382,19.7915900683833,20.5546228116221,28.5790385247306,21.4625361925412,39.4442202866625,23.5699510930219
2167,1161,6,4,trombone,2.07403130321125,15.5322336009143,2.90966487069724,15.3810923680499,40.7630547522507,0,13.3255326209151,30.1940773139553,23.5699510930219
2515,141,4,5,veer,7.47976550237646,13.7074910312608,0.0976180710215641,9.9678206209166,23.5975787892642,1.51066322414709,0.0796749531363877,24.9543363695751,100.738792029771
2515,141,5,4,veer,8.6683555125829,14.9171707866289,0.0264518518493308,9.91250504879675,24.6657789991478,0,0.0849520923157064,24.9739377693853,100.738792029771
2515,145,4,5,veer,7.47976550237646,13.7074910312608,0.0976180710215641,9.9678206209166,23.5975787892642,1.51066322414709,0.0796749531363877,24.9543363695751,100.738792029771
2167,1161,1,4,ordinary,42.1884471009534,83.4360537204732,56.838491262381,76.0297945590598,22.9746123433153,0,78.5480853915735,186.775506083446,6.46359568069072
2515,666,2,4,ordinary,12.2930038125487,36.4955580543584,12.9052132325717,41.2511049365535,0.724015742239033,0,41.4068435388739,64.9786980975529,10.5840419285846
2167,693,1,6,ordinary,22.2555327904053,37.6254702470418,25.6385834425341,36.9463503636679,129.259149591145,169.019722750531,13.8655793973719,61.1779506511114,81.0455183453784
